{"neck_row": 118, "neck_row_ratio": 0.07682291666666667, "neck_left_ratio": 0.4033203125, "neck_right_ratio": 0.7333984375, "neck_center_ratio": 0.568359375, "neck_width_ratio": 0.3310546875, "body_width": 1024, "body_height": 1536}