{"neck_row": 0, "neck_row_ratio": 0.0, "neck_left_ratio": 0.0, "neck_right_ratio": 0.9987980769230769, "neck_center_ratio": 0.49939903846153844, "neck_width_ratio": 1.0, "body_width": 832, "body_height": 1248}